{
  "name": "dungeonworld-hirelings",
  "title": "Dungeon World Hireling Sheet",
  "description": "Custom hireling sheet for Dungeon World NPCs.",
  "version": "0.141",
  "author": "GreybeardGM",
  "type": "module",
  "systems": ["dungeonworld"],
  "minimumCoreVersion": "12",
  "compatibleCoreVersion": "12",
  "styles": ["styles/hireling.css"],
  "esmodules": [
    "scripts/hireling-sheet-class.js",
    "scripts/hireling-sheet-register.js"
  ],
  "url": "https://github.com/GreybeardGM/dungeonworld-hirelings",
  "manifest": "https://raw.githubusercontent.com/GreybeardGM/dungeonworld-hirelings/main/module.json",
  "download": "https://github.com/GreybeardGM/dungeonworld-hirelings/archive/refs/heads/main.zip"
}
