{
  "name": "dungeonworld-hirelings",
  "title": "Dungeon World Hireling Sheet",
  "description": "Single-sheet layout for hirelings with fixed skills and item lists.",
  "version": "0.1",
  "minimumCoreVersion": "12",
  "compatibleCoreVersion": "12",
  "author": "GreybeardGM",
  "esmodules": ["scripts/module.js"],
  "styles": ["styles/hireling.css"],
  "manifest": "https://greybeardgm.github.io/dungeonworld-hirelings/module.json",
  "download": "https://greybeardgm.github.io/dungeonworld-hirelings/dungeonworld-hirelings.zip"
}
