{
  "id": "dungeonworld-hirelings",
  "title": "Dungeon World Hireling Sheet",
  "description": "<h3>Custom hireling sheet for Dungeon World NPCs.</h3><p>This heet is added to NPC-Actors. It allows management of hirelings as per default hireling rules, plus additiona functionality for convenience.</p>",
  "version": "0.156",
  "author": "GreybeardGM",
  "type": "module",
  "system": "dungeonworld",
  "compatibility": {
    "minimum": "12",
    "verified": "12"
  },
  "styles": ["styles/hireling.css"],
  "esmodules": [
    "scripts/hireling-sheet-class.js",
    "scripts/hireling-sheet-register.js"
  ],
  "url": "https://github.com/GreybeardGM/dungeonworld-hirelings",
  "manifest": "https://raw.githubusercontent.com/GreybeardGM/dungeonworld-hirelings/main/module.json",
  "download": "https://github.com/GreybeardGM/dungeonworld-hirelings/archive/refs/heads/main.zip"
}
