{
  "name": "dungeonworld-hirelings",
  "title": "Dungeon World Hireling Sheet",
  "version": "0.101",
  "author": "GreybeardGM",
  "minimumCoreVersion": "12",
  "compatibleCoreVersion": "12",
  "scripts": ["scripts/module.js"],
  "styles": ["styles/hireling.css"],
  "esmodules": ["scripts/hireling-sheet.js"],
  "url": "https://github.com/GreybeardGM/dungeonworld-hirelings",
  "manifest": "https://raw.githubusercontent.com/GreybeardGM/dungeonworld-hirelings/main/module.json",
  "download": "https://github.com/GreybeardGM/dungeonworld-hirelings/archive/refs/heads/main.zip"
}
