{
  "name": "dungeonworld-hirelings",
  "title": "Dungeon World Hireling Sheet",
  "description": "Custom Actor Sheet for Hirelings in Dungeon World",
  "version": "1.0",
  "minimumCoreVersion": "12",
  "compatibleCoreVersion": "12",
  "author": "GreybeardGM",
  "esmodules": ["scripts/hireling-sheet.js"],
  "styles": ["styles/hireling.css"],
  "manifest": "https://greybeardgm.github.io/dungeonworld-hirelings/module.json",
  "download": "https://greybeardgm.github.io/dungeonworld-hirelings/dungeonworld-hirelings.zip"
}
